{"cameraMode":{"drawMode":0,"name":"Shaded","section":"Shading Mode"},"sceneLighting":true,"audioPlay":false,"sceneViewState":{"showFog":true,"showMaterialUpdate":true,"showSkybox":false,"showFlares":true,"showImageEffects":true,"showParticleSystems":true},"in2DMode":false,"pivot":{"x":21.361896514892579,"y":-31.88311195373535,"z":40.35383224487305},"rotation":{"x":-0.33747047185897829,"y":-0.20378383994102479,"z":0.07508336007595062,"w":-0.9159412980079651},"size":62.22519302368164,"orthographic":false}