{"cameraMode":{"drawMode":0,"name":"Shaded","section":"Shading Mode"},"sceneLighting":true,"audioPlay":false,"sceneViewState":{"showFog":true,"showMaterialUpdate":true,"showSkybox":false,"showFlares":true,"showImageEffects":true,"showParticleSystems":true},"in2DMode":false,"pivot":{"x":27.070829391479493,"y":-51.886138916015628,"z":24.969064712524415},"rotation":{"x":-0.47090721130371096,"y":-0.33276093006134035,"z":0.19766654074192048,"w":-0.7927449941635132},"size":74.41516876220703,"orthographic":false}