{"cameraMode":{"drawMode":0,"name":"Shaded","section":"Shading Mode"},"sceneLighting":false,"audioPlay":false,"sceneViewState":{"showFog":true,"showMaterialUpdate":true,"showSkybox":false,"showFlares":true,"showImageEffects":true,"showParticleSystems":true},"in2DMode":false,"pivot":{"x":-0.02535456418991089,"y":1.1208115816116334,"z":0.0},"rotation":{"x":-0.23185305297374726,"y":-0.46315184235572817,"z":0.1269402951002121,"w":-0.8459436893463135},"size":5.023798942565918,"orthographic":false}